304584|Doroteja|Kučak|doroteja@kucak.hr|123|False
347385|Ileana|Kurtovic|ileana@kurtovic.hr|123|False
243184|Sonja|Vresk|sonja@vresk.hr|123|False
690230|Maja|Majic|maja@majic.hr|123|True
732967|Pero|Perić|pero@peric.hr|123456|False
318885|Nina|Crnkovic|nina@crnkovic.hr|123|True
524486|Milica|Krmpotić|milica@krmpotic.hr|123|False
470437|Marko|Horvat|marko@horvat.hr|123|False
